Domain,Class,train,val,test,total
skin,Benign,582,145,304,1031
skin,Malignant,138,35,75,248
brain,glioma,1142,258,386,1786
brain,meningioma,1115,285,398,1798
brain,notumor,1104,296,400,1800
brain,pituitary,1120,280,400,1800
chest_xray,Normal,5719,1519,1515,8753
chest_xray,Disease,3653,1008,1585,6246
histopathology,Normal,58,17,25,100
histopathology,Benign,55,22,23,100
histopathology,InSitu,69,14,16,99
histopathology,Invasive,73,11,16,100
brain_figshare,Meningioma,454,98,156,708
brain_figshare,Glioma,955,186,285,1426
brain_figshare,Pituitary,575,151,204,930
