domain,seed,target,subset,metric,zero_maps,n_zero_maps,n_C,n_M,mean_C,mean_C_ci,median_C,median_C_ci,mean_M,mean_M_ci,median_M,median_M_ci,delta_mean,delta_mean_ci,delta_median,delta_median_ci,ratio_of_means,mwu_p,cliffs_delta_M_vs_C,cliffs_magnitude,perm_p_delta_mean,holm_p_primary_family,is_primary_endpoint,note
skin,42,fixed_positive_margin,true=Malignant,energy_in_gt,include_zero_maps,0,42,33,0.6052142677757184,"[0.5281626025931263, 0.678590515913277]",0.6345701193871331,"[0.5277068059095833, 0.7217719895139209]",0.3705162253894181,"[0.2805021621662578, 0.4626159185813297]",0.4255650605177095,"[0.19718527374721714, 0.45685875214572325]",-0.2346980423863003,"[-0.3514263246542333, -0.11188637990421349]",-0.2090050588694236,"[-0.4806786281522215, -0.1120406297610164]",0.6122066929306511,0.0003154532102272,-0.4877344877344877,large,9.999000099990002e-05,0.0007413674360864,True,
skin,43,fixed_positive_margin,true=Malignant,energy_in_gt,include_zero_maps,1,20,54,0.5077609920453876,"[0.38237978889027335, 0.6280023706465915]",0.5536446100099457,"[0.31083911164970646, 0.7233985136009755]",0.4804513785229476,"[0.3780201128172114, 0.5799757878025666]",0.5963682032624327,"[0.20727419140784226, 0.7304820563831866]",-0.0273096135224399,"[-0.17945037202964187, 0.1311365433226853]",0.0427235932524869,"[-0.364925709008115, 0.3180019605619298]",0.9462156133490484,0.8028399327824017,-0.0388888888888888,negligible,0.7711228877112288,1.0,True,
skin,44,fixed_positive_margin,true=Malignant,energy_in_gt,include_zero_maps,0,25,50,0.5083480730888573,"[0.39747716886175805, 0.6196404426642711]",0.4414812869505063,"[0.34714549884683665, 0.7651184109235125]",0.1942022444032728,"[0.13527454570415873, 0.25990388420267296]",0.123448835588635,"[0.047737257203175565, 0.19571910188836877]",-0.3141458286855844,"[-0.4420145767237418, -0.18673282362593524]",-0.3180324513618712,"[-0.6061017068668108, -0.2109315318154395]",0.3820261247834553,6.075588084171015e-06,-0.6448,large,9.999000099990002e-05,1.814910050601565e-05,True,
chest_xray,42,fixed_positive_margin,true=Disease,energy_in_gt,include_zero_maps,0,57,27,0.114660689585669,"[0.08218249800728339, 0.14967075490442194]",0.054270925232171,"[0.030289598178910835, 0.128919343066794]",0.0937133817185143,"[0.042173768192968066, 0.15747379963769514]",0.0212832953759569,"[0.005274637861700171, 0.09485400044550373]",-0.0209473078671547,"[-0.08459812506936014, 0.049126367939806584]",-0.0329876298562141,"[-0.11443535988129817, 0.04451130426912272]",0.8173104667096572,0.1253081847107149,-0.2085769980506823,small,0.5218478152184781,0.3734411928790124,True,
chest_xray,43,fixed_positive_margin,true=Disease,energy_in_gt,include_zero_maps,0,59,25,0.1009536870877425,"[0.07621470873424317, 0.1279349374542806]",0.0678452634340591,"[0.024129834981245945, 0.1244955848319909]",0.1350563007134219,"[0.07890174927040874, 0.19973600387099524]",0.0573496579057213,"[0.011404109066405928, 0.25178900434778223]",0.0341026136256793,"[-0.028829729491677152, 0.10170136412052365]",-0.0104956055283377,"[-0.08163878509349873, 0.17162086800392556]",1.3378045379961163,0.8448685746092018,0.0277966101694915,negligible,0.2416758324167583,1.0,True,
chest_xray,44,fixed_positive_margin,true=Disease,energy_in_gt,include_zero_maps,0,51,33,0.1064089845638199,"[0.0762334227376185, 0.13971868076954272]",0.0545883303049373,"[0.031592114192687384, 0.09227496601667905]",0.0821169902941535,"[0.044942941718604225, 0.12432569662816186]",0.0103098591927837,"[0.006356164995717474, 0.028568816966510684]",-0.0242919942696664,"[-0.0750749341119548, 0.027447668776615194]",-0.0442784711121536,"[-0.08367700746333707, -0.006762093385260272]",0.7717110602150604,0.0172515180615069,-0.3095662507427213,small,0.351964803519648,0.1165383808634729,True,
brain_figshare,42,fixed_true_class,all_classes,energy_in_gt,include_zero_maps,0,574,71,0.0394719326131394,"[0.03565324382709573, 0.04336687467196267]",0.0220760562622917,"[0.019070605787609978, 0.02453480136371155]",0.0480757691775585,"[0.030428630455605444, 0.06896667956524817]",0.0090103444492613,"[0.0070942324048457375, 0.015772242180783245]",0.0086038365644191,"[-0.009680646549960583, 0.030187542665205812]",-0.0130657118130304,"[-0.016730955315203116, -0.005598537250734614]",1.2179735319459648,0.0041798716473792,-0.2082249595131766,small,0.1800819918008199,0.0083597432947585,True,
brain_figshare,43,fixed_true_class,all_classes,energy_in_gt,include_zero_maps,1,567,77,0.0458037890282409,"[0.040637531380039546, 0.051284544479857266]",0.0178029497149457,"[0.01451423643141046, 0.020883608129296394]",0.0389187302905312,"[0.023505282217839738, 0.05748992385052381]",0.0050914510513499,"[0.0010461769682060485, 0.009931820295670248]",-0.0068850587377097,"[-0.023361357906694233, 0.012341291656535113]",-0.0127114986635957,"[-0.01772135487231718, -0.006087150645101885]",0.8496836422535997,1.2558844011977537e-05,-0.3064889255365446,small,0.3985601439856014,6.279422005988768e-05,True,
brain_figshare,44,fixed_true_class,all_classes,energy_in_gt,include_zero_maps,0,554,91,0.0467723407195634,"[0.04170177256948433, 0.05221273322684578]",0.0224313569359876,"[0.018801153849800387, 0.025233874964880873]",0.0982024288540979,"[0.07808623160319496, 0.1194439853204361]",0.0674483602723962,"[0.045419224886935755, 0.08827977285594336]",0.0514300881345345,"[0.03127225136087756, 0.07364040968066837]",0.0450170033364085,"[0.02179239817671052, 0.06603747339593505]",2.0995833722091866,3.611129664408937e-09,0.3856865156504145,medium,9.999000099990002e-05,2.5277907650862562e-08,True,
