domain,seed,true_class,uniform,n_C,n_M,mean_C,mean_M,delta,delta_ci,p,note
skin,42,Benign,0.334,225,66,0.3302973298343104,0.2046438229438714,-0.1256535068904389,"[-0.18168451230649182, -0.0703060666312557]",0.0071985983564437,
skin,42,Malignant,0.318,42,33,0.1795609658554167,0.3138175044306434,0.1342565385752266,"[0.04761122327248849, 0.22642535446175313]",0.0163267190079315,
skin,43,Benign,0.333,253,31,0.4638157720768099,0.3086344711123009,-0.1551813009645089,"[-0.23246942715962468, -0.0757906519027442]",0.0026730916156027,
skin,43,Malignant,0.318,20,54,0.2500860450964584,0.3395525333038293,0.0894664882073708,"[-0.015326514107175613, 0.19287078989960055]",0.6049485987995976,
skin,44,Benign,0.335,261,38,0.5452664229438217,0.3756877097840934,-0.1695787131597282,"[-0.23382704333158683, -0.10725888488456203]",1.9693523212515267e-06,
skin,44,Malignant,0.318,25,50,0.3129431216662253,0.5250993667478275,0.2121562450816022,"[0.11505054305645307, 0.30641724315708885]",0.0001947443266445,
chest_xray,42,Disease,0.352,57,27,0.3414181807495849,0.4266207409293001,0.0852025601797152,"[0.01990543627807342, 0.15063648407134322]",0.0099833640180804,
chest_xray,43,Disease,0.352,59,25,0.2873341964661539,0.3786590914842262,0.0913248950180723,"[0.02910742760173643, 0.1534173781537554]",0.0052995417787931,
chest_xray,44,Disease,0.352,51,33,0.3620799549502415,0.4497652141522294,0.0876852592019879,"[0.03493619971079915, 0.1381602751299938]",0.0012645688418246,
brain_figshare,42,Meningioma,0.354,140,16,0.269239895540723,0.3880169908967027,0.1187770953559797,"[0.0738780986922984, 0.16467845670945508]",2.92124806803328e-05,
brain_figshare,42,Glioma,0.354,234,51,0.1959055414576579,0.4473400306395417,0.2514344891818838,"[0.19535537873348394, 0.30759114007638877]",1.962718642008337e-14,
brain_figshare,42,Pituitary,0.354,200,4,0.1606777340103361,0.1603282670443861,-0.0003494669659499,"[-0.06504285431458698, 0.06493033919107484]",0.9243947840291936,
brain_figshare,43,Meningioma,0.354,122,34,0.1795319610830293,0.2568250735202666,0.0772931124372373,"[0.03366465826797934, 0.12582994704948022]",0.0007702781994967,
brain_figshare,43,Glioma,0.354,242,42,0.2084118128677298,0.4935419004298777,0.2851300875621478,"[0.2065469054513486, 0.35943534509491554]",6.926946828930333e-11,
brain_figshare,43,Pituitary,0.354,203,1,,,,,,insufficient n (<3) in a group - not tested
brain_figshare,44,Meningioma,0.354,126,30,0.1460046538484723,0.1734326897315048,0.0274280358830324,"[-0.00481655236423912, 0.0604402216192188]",0.1170905022894688,
brain_figshare,44,Glioma,0.354,226,59,0.0639760943764372,0.0982484056104342,0.0342723112339969,"[0.007749855575451907, 0.0657597664893582]",0.2219629077245202,
brain_figshare,44,Pituitary,0.354,202,2,,,,,,insufficient n (<3) in a group - not tested
