domain,seed,n_C,n_M,mean_C,mean_M,delta,delta_ci,p,cliffs
skin,42,42,33,0.6052142677757184,0.3705162253894181,-0.2346980423863003,"[-0.3514263246542333, -0.11188637990421349]",0.0003154532102272,-0.4877344877344877
skin,43,20,54,0.5077609920453876,0.4804513785229476,-0.0273096135224399,"[-0.17945037202964187, 0.1311365433226853]",0.8028399327824017,-0.0388888888888888
skin,44,25,50,0.5083480730888573,0.1942022444032728,-0.3141458286855844,"[-0.4420145767237418, -0.18673282362593524]",6.075588084171015e-06,-0.6448
chest_xray,42,57,27,0.114660689585669,0.0937133817185143,-0.0209473078671547,"[-0.08459812506936014, 0.049126367939806584]",0.1253081847107149,-0.2085769980506823
chest_xray,43,59,25,0.1009536870877425,0.1350563007134219,0.0341026136256793,"[-0.028829729491677152, 0.10170136412052365]",0.8448685746092018,0.0277966101694915
chest_xray,44,51,33,0.1064089845638199,0.0821169902941535,-0.0242919942696664,"[-0.0750749341119548, 0.027447668776615194]",0.0172515180615069,-0.3095662507427213
brain_figshare,42,574,71,0.0394719326131394,0.0480757691775585,0.0086038365644191,"[-0.009680646549960583, 0.030187542665205812]",0.0041798716473792,-0.2082249595131766
brain_figshare,43,567,77,0.0458037890282409,0.0389187302905312,-0.0068850587377097,"[-0.023361357906694233, 0.012341291656535113]",1.2558844011977537e-05,-0.3064889255365446
brain_figshare,44,554,91,0.0467723407195634,0.0982024288540979,0.0514300881345345,"[0.03127225136087756, 0.07364040968066837]",3.611129664408937e-09,0.3856865156504145
