domain,seed,uniform_level,mean_all,share_images_above_uniform,mean_C,mean_M,delta,delta_ci,p
skin,42,0.331,0.289,0.352,0.3065859916803272,0.2410350501061288,-0.0655509415741983,"[-0.11703723331455489, -0.015446069180398026]",0.1364178409272858
skin,43,0.33,0.42,0.598,0.4481579166203739,0.3282765341516248,-0.119881382468749,"[-0.1829908436502401, -0.05328140912354721]",0.0011029620726627
skin,44,0.331,0.51,0.791,0.5249584420629129,0.4605806966953059,-0.0643777453676069,"[-0.11454480271489316, -0.015485272493404678]",0.0094550878066205
chest_xray,42,0.352,0.369,0.5,0.3414181807495849,0.4266207409293001,0.0852025601797152,"[0.01990543627807342, 0.15063648407134322]",0.0099833640180804
chest_xray,43,0.352,0.315,0.298,0.2873341964661539,0.3786590914842262,0.0913248950180723,"[0.02910742760173643, 0.1534173781537554]",0.0052995417787931
chest_xray,44,0.352,0.397,0.619,0.3620799549502415,0.4497652141522294,0.0876852592019879,"[0.03493619971079915, 0.1381602751299938]",0.0012645688418246
brain_figshare,42,0.354,0.225,0.144,0.2015174719143909,0.4178017814808651,0.2162843095664741,"[0.17236442256676113, 0.26090366098094664]",8.400757608103114e-20
brain_figshare,43,0.354,0.224,0.152,0.2019790100477868,0.3838883097520979,0.1819092997043111,"[0.129943868371921, 0.23407367907389678]",4.286006193135052e-11
brain_figshare,44,0.354,0.133,0.005,0.1346498104106071,0.123882204119144,-0.0107676062914631,"[-0.0330938494886292, 0.012986813899883555]",0.0162401944880596
