domain,seed,metric,n_C,n_M,median_C,median_M,mean_C,mean_M,mwu_p,centre_prior,uniform_level
skin,42,energy_in_gt,42,33,0.6345701193871331,0.4255650605177095,0.6052142677757184,0.3705162253894181,0.0003154532102272,0.588,0.372
skin,42,pointing_hit,42,33,1.0,0.0,0.6190476190476191,0.3636363636363636,0.0296087191195252,0.987,
skin,43,energy_in_gt,20,54,0.5536446100099457,0.5963682032624327,0.5077609920453876,0.4804513785229476,0.8028399327824017,0.588,0.372
skin,43,pointing_hit,20,54,0.0,0.0,0.45,0.4814814814814814,0.8163681637434134,0.987,
skin,44,energy_in_gt,25,50,0.4414812869505063,0.123448835588635,0.5083480730888573,0.1942022444032728,6.075588084171015e-06,0.588,0.372
skin,44,pointing_hit,25,50,0.0,0.0,0.44,0.16,0.0092345251939838,0.987,
chest_xray,42,energy_in_gt,57,27,0.054270925232171,0.0212832953759569,0.114660689585669,0.0937133817185143,0.1253081847107149,0.14,0.078
chest_xray,42,pointing_hit,57,27,0.0,0.0,0.1228070175438596,0.074074074074074,0.5083212809811117,0.238,
chest_xray,43,energy_in_gt,59,25,0.0678452634340591,0.0573496579057213,0.1009536870877425,0.1350563007134219,0.8448685746092018,0.14,0.078
chest_xray,43,pointing_hit,59,25,0.0,0.0,0.135593220338983,0.2,0.4629755406910378,0.238,
chest_xray,44,energy_in_gt,51,33,0.0545883303049373,0.0103098591927837,0.1064089845638199,0.0821169902941535,0.0172515180615069,0.14,0.078
chest_xray,44,pointing_hit,51,33,0.0,0.0,0.0980392156862745,0.2121212121212121,0.1490137761038427,0.238,
brain_figshare,42,energy_in_gt,574,71,0.0220760562622917,0.0090103444492613,0.0394719326131394,0.0480757691775585,0.0041798716473792,0.037,0.017
brain_figshare,42,pointing_hit,574,71,0.0,0.0,0.0923344947735191,0.0985915492957746,0.8646744718065578,0.122,
brain_figshare,43,energy_in_gt,567,77,0.0178029497149457,0.0050914510513499,0.0458037890282409,0.0389187302905312,1.2558844011977537e-05,0.037,0.017
brain_figshare,43,pointing_hit,567,77,0.0,0.0,0.0987654320987654,0.0649350649350649,0.3421876644256162,0.122,
brain_figshare,44,energy_in_gt,554,91,0.0224313569359876,0.0674483602723962,0.0467723407195634,0.0982024288540979,3.611129664408937e-09,0.037,0.017
brain_figshare,44,pointing_hit,554,91,0.0,0.0,0.0830324909747292,0.1978021978021978,0.0006970781641576,0.122,
