path,image_id,label,stem,md5,group,gt_type,gt_ref,split
histopathology/Photos/Normal/n001.png,Normal/n001.png,0,n001_0,6b18a2574dff95b1b774703f7cf4fd4f,6b18a2574dff95b1b774703f7cf4fd4f,none,,train
histopathology/Photos/Normal/n002.png,Normal/n002.png,0,n002_0,a6007c8dd374497f8394b8894a83ad39,a6007c8dd374497f8394b8894a83ad39,none,,train
histopathology/Photos/Normal/n003.png,Normal/n003.png,0,n003_0,eaeb88fe0794cefdb0b87fc01d599ff9,eaeb88fe0794cefdb0b87fc01d599ff9,none,,test
histopathology/Photos/Normal/n004.png,Normal/n004.png,0,n004_0,c3b8790e77dd677a403c8836b8b26369,c3b8790e77dd677a403c8836b8b26369,none,,test
histopathology/Photos/Normal/n005.png,Normal/n005.png,0,n005_0,2cf09606ba2cec2fa14ac1b466525ca3,2cf09606ba2cec2fa14ac1b466525ca3,none,,test
histopathology/Photos/Normal/n006.png,Normal/n006.png,0,n006_0,1524ba10d6e9b9f98cb4912029c1aad4,1524ba10d6e9b9f98cb4912029c1aad4,none,,train
histopathology/Photos/Normal/n007.png,Normal/n007.png,0,n007_0,8d931af61a25f0a51b91fc4208251fab,8d931af61a25f0a51b91fc4208251fab,none,,train
histopathology/Photos/Normal/n008.png,Normal/n008.png,0,n008_0,00a05a304982feee8b613e2a96ac8828,00a05a304982feee8b613e2a96ac8828,none,,val
histopathology/Photos/Normal/n009.png,Normal/n009.png,0,n009_0,df252156c0a63d36dbb98f976c0bb571,df252156c0a63d36dbb98f976c0bb571,none,,train
histopathology/Photos/Normal/n010.png,Normal/n010.png,0,n010_0,0087e6c2e203582cc642ab25a515c1a8,0087e6c2e203582cc642ab25a515c1a8,none,,test
histopathology/Photos/Normal/n011.png,Normal/n011.png,0,n011_0,4252bb181213d0d136e0a410c45e3ec4,4252bb181213d0d136e0a410c45e3ec4,none,,train
histopathology/Photos/Normal/n012.png,Normal/n012.png,0,n012_0,297b541a1aa7ced1998c86c7618d3116,297b541a1aa7ced1998c86c7618d3116,none,,train
histopathology/Photos/Normal/n013.png,Normal/n013.png,0,n013_0,0543e369601b70251d4302968a386d3e,0543e369601b70251d4302968a386d3e,none,,train
histopathology/Photos/Normal/n014.png,Normal/n014.png,0,n014_0,8747dadd72adddf709960d3f839bb6e7,8747dadd72adddf709960d3f839bb6e7,none,,train
histopathology/Photos/Normal/n015.png,Normal/n015.png,0,n015_0,f62559be95973b326480b515a0ed3147,f62559be95973b326480b515a0ed3147,none,,val
histopathology/Photos/Normal/n016.png,Normal/n016.png,0,n016_0,375b282b1d8b4874b4902250e54dc412,375b282b1d8b4874b4902250e54dc412,none,,train
histopathology/Photos/Normal/n017.png,Normal/n017.png,0,n017_0,a2a9fbb583e553087005d1e06fe2eb47,a2a9fbb583e553087005d1e06fe2eb47,none,,train
histopathology/Photos/Normal/n018.png,Normal/n018.png,0,n018_0,a5e16ab3198003533b0085601dcdb4a1,a5e16ab3198003533b0085601dcdb4a1,none,,train
histopathology/Photos/Normal/n019.png,Normal/n019.png,0,n019_0,e2173de3c3c68022f2fb27cb2c60b1c6,e2173de3c3c68022f2fb27cb2c60b1c6,none,,train
histopathology/Photos/Normal/n020.png,Normal/n020.png,0,n020_0,4463ade53fafd35a0c48c595340be69e,4463ade53fafd35a0c48c595340be69e,none,,train
histopathology/Photos/Normal/n021.png,Normal/n021.png,0,n021_0,8949652f2a4e433b6f363502604fc579,8949652f2a4e433b6f363502604fc579,none,,test
histopathology/Photos/Normal/n022.png,Normal/n022.png,0,n022_0,3cc3bf3c8f367a123a24a69fc275c0b8,3cc3bf3c8f367a123a24a69fc275c0b8,none,,val
histopathology/Photos/Normal/n023.png,Normal/n023.png,0,n023_0,32c04009f2e2cf498c21af8e9060fd99,32c04009f2e2cf498c21af8e9060fd99,none,,val
histopathology/Photos/Normal/n024.png,Normal/n024.png,0,n024_0,0cea139e85b7b3267b01d7da49c9d00a,0cea139e85b7b3267b01d7da49c9d00a,none,,train
histopathology/Photos/Normal/n025.png,Normal/n025.png,0,n025_0,7ac1be82c1d5c2beb707f623984b393f,7ac1be82c1d5c2beb707f623984b393f,none,,train
histopathology/Photos/Normal/n026.png,Normal/n026.png,0,n026_0,b50b1f312f2d3788c362c81857514501,b50b1f312f2d3788c362c81857514501,none,,train
histopathology/Photos/Normal/n027.png,Normal/n027.png,0,n027_0,707bf17d8a5fcd71ae441f2a7a74ba8a,707bf17d8a5fcd71ae441f2a7a74ba8a,none,,train
histopathology/Photos/Normal/n028.png,Normal/n028.png,0,n028_0,bea9612d9b213618375d96deaad37b4f,bea9612d9b213618375d96deaad37b4f,none,,test
histopathology/Photos/Normal/n029.png,Normal/n029.png,0,n029_0,aab0b206b32886f13ffbf15c78e1d960,aab0b206b32886f13ffbf15c78e1d960,none,,train
histopathology/Photos/Normal/n030.png,Normal/n030.png,0,n030_0,62dbc6f30fb98341e66c132684137a08,62dbc6f30fb98341e66c132684137a08,none,,train
histopathology/Photos/Normal/n031.png,Normal/n031.png,0,n031_0,b55019e406179b510508cac6c338756b,b55019e406179b510508cac6c338756b,none,,train
histopathology/Photos/Normal/n032.png,Normal/n032.png,0,n032_0,4051b0a57677fad51db39167a4011749,4051b0a57677fad51db39167a4011749,none,,test
histopathology/Photos/Normal/n033.png,Normal/n033.png,0,n033_0,06b7befddc9537e14c2d69e7c96bcf1e,06b7befddc9537e14c2d69e7c96bcf1e,none,,test
histopathology/Photos/Normal/n034.png,Normal/n034.png,0,n034_0,f332e72291a159a7dec7b2ae7ae1c48f,f332e72291a159a7dec7b2ae7ae1c48f,none,,val
histopathology/Photos/Normal/n035.png,Normal/n035.png,0,n035_0,feeca1e278bd14c0a205e4a1e34dfe82,feeca1e278bd14c0a205e4a1e34dfe82,none,,test
histopathology/Photos/Normal/n036.png,Normal/n036.png,0,n036_0,4dc39da3f98ff1b1d560c62d15d8d6e5,4dc39da3f98ff1b1d560c62d15d8d6e5,none,,test
histopathology/Photos/Normal/n037.png,Normal/n037.png,0,n037_0,325b6db69d4d9b5ef9702952ad8cb9b8,325b6db69d4d9b5ef9702952ad8cb9b8,none,,test
histopathology/Photos/Normal/n038.png,Normal/n038.png,0,n038_0,45fe7ada6d2db5142e7a29d780fed5bd,45fe7ada6d2db5142e7a29d780fed5bd,none,,train
histopathology/Photos/Normal/n039.png,Normal/n039.png,0,n039_0,74bf6e773e791930a67d0b45d0b5a1dc,74bf6e773e791930a67d0b45d0b5a1dc,none,,test
histopathology/Photos/Normal/n040.png,Normal/n040.png,0,n040_0,8681b556b312d87087addd6f965e7bde,8681b556b312d87087addd6f965e7bde,none,,train
histopathology/Photos/Normal/n041.png,Normal/n041.png,0,n041_0,77bd4914a61db4a28571ba7d2a4563b6,77bd4914a61db4a28571ba7d2a4563b6,none,,train
histopathology/Photos/Normal/n042.png,Normal/n042.png,0,n042_0,9725fe390ebe2a5bd0b853a13b33fd73,9725fe390ebe2a5bd0b853a13b33fd73,none,,train
histopathology/Photos/Normal/n043.png,Normal/n043.png,0,n043_0,b5439d911877247a1d7ffb73192a48cb,b5439d911877247a1d7ffb73192a48cb,none,,train
histopathology/Photos/Normal/n044.png,Normal/n044.png,0,n044_0,d0e93440aacfb256a5b538daf1106c21,d0e93440aacfb256a5b538daf1106c21,none,,train
histopathology/Photos/Normal/n045.png,Normal/n045.png,0,n045_0,e41dd24999652ebbeda07eb1c57d3843,e41dd24999652ebbeda07eb1c57d3843,none,,train
histopathology/Photos/Normal/n046.png,Normal/n046.png,0,n046_0,317352e6ba308a8cae0c808830db3d75,317352e6ba308a8cae0c808830db3d75,none,,train
histopathology/Photos/Normal/n047.png,Normal/n047.png,0,n047_0,697bf56653457c2e602de49e23112f67,697bf56653457c2e602de49e23112f67,none,,train
histopathology/Photos/Normal/n048.png,Normal/n048.png,0,n048_0,0b5853c0ba5a4bfe82bf871a40142e95,0b5853c0ba5a4bfe82bf871a40142e95,none,,test
histopathology/Photos/Normal/n049.png,Normal/n049.png,0,n049_0,cb92743b201051a4267c2a16a072d98f,cb92743b201051a4267c2a16a072d98f,none,,train
histopathology/Photos/Normal/n050.png,Normal/n050.png,0,n050_0,faaea4a84f470d541363e43ad07f0f66,faaea4a84f470d541363e43ad07f0f66,none,,train
histopathology/Photos/Normal/n051.png,Normal/n051.png,0,n051_0,e218dc22e1769f417bbd65c4949d4c0b,e218dc22e1769f417bbd65c4949d4c0b,none,,train
histopathology/Photos/Normal/n052.png,Normal/n052.png,0,n052_0,eb8bc92b16b4fb6cd05c33e651b886ff,eb8bc92b16b4fb6cd05c33e651b886ff,none,,train
histopathology/Photos/Normal/n053.png,Normal/n053.png,0,n053_0,9e1403ceef024a9047ce038db74d8320,9e1403ceef024a9047ce038db74d8320,none,,val
histopathology/Photos/Normal/n054.png,Normal/n054.png,0,n054_0,18269edf4a25ccd079150206d71c1b8c,18269edf4a25ccd079150206d71c1b8c,none,,train
histopathology/Photos/Normal/n055.png,Normal/n055.png,0,n055_0,f02401343847c5600c7dd145d5c5c091,f02401343847c5600c7dd145d5c5c091,none,,test
histopathology/Photos/Normal/n056.png,Normal/n056.png,0,n056_0,4531b2a55157b4ee306464343a691d5a,4531b2a55157b4ee306464343a691d5a,none,,test
histopathology/Photos/Normal/n057.png,Normal/n057.png,0,n057_0,2ba22bf2793f60efc9746d784535044a,2ba22bf2793f60efc9746d784535044a,none,,train
histopathology/Photos/Normal/n058.png,Normal/n058.png,0,n058_0,3b63bfd02b96bca22aa803ac2249b656,3b63bfd02b96bca22aa803ac2249b656,none,,test
histopathology/Photos/Normal/n059.png,Normal/n059.png,0,n059_0,b49145bc850b8262699d41315a44fccf,b49145bc850b8262699d41315a44fccf,none,,test
histopathology/Photos/Normal/n060.png,Normal/n060.png,0,n060_0,42e43e77ad483f2657da80fe60ef8b9b,42e43e77ad483f2657da80fe60ef8b9b,none,,train
histopathology/Photos/Normal/n061.png,Normal/n061.png,0,n061_0,abf599f06de076a31b4416d3009d14c1,abf599f06de076a31b4416d3009d14c1,none,,test
histopathology/Photos/Normal/n062.png,Normal/n062.png,0,n062_0,04c75e08a64adb04db5698ae2d15f48b,04c75e08a64adb04db5698ae2d15f48b,none,,val
histopathology/Photos/Normal/n063.png,Normal/n063.png,0,n063_0,52e94dd3998767407ece6e7eb9853323,52e94dd3998767407ece6e7eb9853323,none,,train
histopathology/Photos/Normal/n064.png,Normal/n064.png,0,n064_0,95164979e44edd0c31458b7ac516fe88,95164979e44edd0c31458b7ac516fe88,none,,val
histopathology/Photos/Normal/n065.png,Normal/n065.png,0,n065_0,7ab265c907cedf827f598d8fee6221a6,7ab265c907cedf827f598d8fee6221a6,none,,train
histopathology/Photos/Normal/n066.png,Normal/n066.png,0,n066_0,46bfe1ca3403a94df16a5984729025f6,46bfe1ca3403a94df16a5984729025f6,none,,train
histopathology/Photos/Normal/n067.png,Normal/n067.png,0,n067_0,2109b2f224d956b8b51925e699de914c,2109b2f224d956b8b51925e699de914c,none,,val
histopathology/Photos/Normal/n068.png,Normal/n068.png,0,n068_0,7910f76cf0e8763df0b8f7dd8fbe7ae0,7910f76cf0e8763df0b8f7dd8fbe7ae0,none,,test
histopathology/Photos/Normal/n069.png,Normal/n069.png,0,n069_0,b7da251372007dbdf2231efc615881ad,b7da251372007dbdf2231efc615881ad,none,,train
histopathology/Photos/Normal/n070.png,Normal/n070.png,0,n070_0,b81730132ddd7bfb5056a9fb90e2aa38,b81730132ddd7bfb5056a9fb90e2aa38,none,,train
histopathology/Photos/Normal/n071.png,Normal/n071.png,0,n071_0,724a66b5fc16b919c4cff4a290c7ca02,724a66b5fc16b919c4cff4a290c7ca02,none,,test
histopathology/Photos/Normal/n072.png,Normal/n072.png,0,n072_0,5f2433c6e8d24093183a3cc640f86853,5f2433c6e8d24093183a3cc640f86853,none,,train
histopathology/Photos/Normal/n073.png,Normal/n073.png,0,n073_0,4606ea0fe81fa219fa8cb79f4fc4b1f4,4606ea0fe81fa219fa8cb79f4fc4b1f4,none,,val
histopathology/Photos/Normal/n074.png,Normal/n074.png,0,n074_0,11b0666f91a26c2263902043221306b0,11b0666f91a26c2263902043221306b0,none,,val
histopathology/Photos/Normal/n075.png,Normal/n075.png,0,n075_0,c97bdc98245bc155f0c3e2b5201d6aa2,c97bdc98245bc155f0c3e2b5201d6aa2,none,,train
histopathology/Photos/Normal/n076.png,Normal/n076.png,0,n076_0,397febb2b22f654157ed98a219d534d0,397febb2b22f654157ed98a219d534d0,none,,train
histopathology/Photos/Normal/n077.png,Normal/n077.png,0,n077_0,f9eb59844e2dc3f7ee10c602e2db0bb0,f9eb59844e2dc3f7ee10c602e2db0bb0,none,,test
histopathology/Photos/Normal/n078.png,Normal/n078.png,0,n078_0,a15ef7ea72c2b9eb27d579ee86de4320,a15ef7ea72c2b9eb27d579ee86de4320,none,,train
histopathology/Photos/Normal/n079.png,Normal/n079.png,0,n079_0,49af452b0d2045e9ed66ea14b4766e6b,49af452b0d2045e9ed66ea14b4766e6b,none,,test
histopathology/Photos/Normal/n080.png,Normal/n080.png,0,n080_0,fafc94294ca09000913bc6f72b6fa06a,fafc94294ca09000913bc6f72b6fa06a,none,,train
histopathology/Photos/Normal/n081.png,Normal/n081.png,0,n081_0,2fb6f1397ec9c0c24d177c0aded60b94,2fb6f1397ec9c0c24d177c0aded60b94,none,,val
histopathology/Photos/Normal/n082.png,Normal/n082.png,0,n082_0,a86fce50253092f001d8bd6788748fe4,a86fce50253092f001d8bd6788748fe4,none,,train
histopathology/Photos/Normal/n083.png,Normal/n083.png,0,n083_0,7f8e566dc0f03ae6eddabe1b77927ef9,7f8e566dc0f03ae6eddabe1b77927ef9,none,,val
histopathology/Photos/Normal/n084.png,Normal/n084.png,0,n084_0,4309627250aab35a8d0dd21d69f4a498,4309627250aab35a8d0dd21d69f4a498,none,,test
histopathology/Photos/Normal/n085.png,Normal/n085.png,0,n085_0,fa8de47e134ab3ca203d638e32068ab3,fa8de47e134ab3ca203d638e32068ab3,none,,train
histopathology/Photos/Normal/n086.png,Normal/n086.png,0,n086_0,69f8014e6a889565a70161525b8301fc,69f8014e6a889565a70161525b8301fc,none,,val
histopathology/Photos/Normal/n087.png,Normal/n087.png,0,n087_0,2b906f774b04c757ffa8edcde551d651,2b906f774b04c757ffa8edcde551d651,none,,train
histopathology/Photos/Normal/n088.png,Normal/n088.png,0,n088_0,6f8f62f6dc2beb673744dae4a27d121f,6f8f62f6dc2beb673744dae4a27d121f,none,,val
histopathology/Photos/Normal/n089.png,Normal/n089.png,0,n089_0,48cced11997867c08f8c8cd8f4442c11,48cced11997867c08f8c8cd8f4442c11,none,,val
histopathology/Photos/Normal/n090.png,Normal/n090.png,0,n090_0,a06d1b354e7f701df87b338d7e5b84d3,a06d1b354e7f701df87b338d7e5b84d3,none,,train
histopathology/Photos/Normal/n091.png,Normal/n091.png,0,n091_0,792a223b4d2fc0d2ffdaac2527777d04,792a223b4d2fc0d2ffdaac2527777d04,none,,train
histopathology/Photos/Normal/n092.png,Normal/n092.png,0,n092_0,95ace12f11d5d7e0f02c65d81a34a910,95ace12f11d5d7e0f02c65d81a34a910,none,,train
histopathology/Photos/Normal/n093.png,Normal/n093.png,0,n093_0,99004099c04dac56899e3659dfba9caf,99004099c04dac56899e3659dfba9caf,none,,test
histopathology/Photos/Normal/n094.png,Normal/n094.png,0,n094_0,b90353f93f186bca1b161e92b5385a51,b90353f93f186bca1b161e92b5385a51,none,,train
histopathology/Photos/Normal/n095.png,Normal/n095.png,0,n095_0,7c08de88292c772cadfb4370441d31b9,7c08de88292c772cadfb4370441d31b9,none,,train
histopathology/Photos/Normal/n096.png,Normal/n096.png,0,n096_0,f03a5c9a14331afa1014d84ae9333f28,f03a5c9a14331afa1014d84ae9333f28,none,,train
histopathology/Photos/Normal/n097.png,Normal/n097.png,0,n097_0,14ab22ffe9cf1a27cdcb1fdba954aa03,14ab22ffe9cf1a27cdcb1fdba954aa03,none,,train
histopathology/Photos/Normal/n098.png,Normal/n098.png,0,n098_0,2717d35a8ce03ba808bfae13c9f6e2fc,2717d35a8ce03ba808bfae13c9f6e2fc,none,,test
histopathology/Photos/Normal/n099.png,Normal/n099.png,0,n099_0,4616776a9676e3aab0268ffbc04f1990,4616776a9676e3aab0268ffbc04f1990,none,,train
histopathology/Photos/Normal/n100.png,Normal/n100.png,0,n100_0,f9dc3601b846cc874202ca0553dde445,f9dc3601b846cc874202ca0553dde445,none,,val
histopathology/Photos/Benign/b001.png,Benign/b001.png,1,b001_1,1192a772544b3de3e74d5d56676789cc,1192a772544b3de3e74d5d56676789cc,none,,train
histopathology/Photos/Benign/b002.png,Benign/b002.png,1,b002_1,c113546724bb2bbfc6cac59cce72301b,c113546724bb2bbfc6cac59cce72301b,none,,val
histopathology/Photos/Benign/b003.png,Benign/b003.png,1,b003_1,e2c6675e658fe02b3d25851d15bb012f,e2c6675e658fe02b3d25851d15bb012f,none,,train
histopathology/Photos/Benign/b004.png,Benign/b004.png,1,b004_1,3effa48f42132b2178bb49ee36a67739,3effa48f42132b2178bb49ee36a67739,none,,train
histopathology/Photos/Benign/b005.png,Benign/b005.png,1,b005_1,b9dd4bb851224aff1d726d094d3bb272,b9dd4bb851224aff1d726d094d3bb272,none,,train
histopathology/Photos/Benign/b006.png,Benign/b006.png,1,b006_1,f89edd158a7f3c19ec23faa2e37a3029,f89edd158a7f3c19ec23faa2e37a3029,none,,train
histopathology/Photos/Benign/b007.png,Benign/b007.png,1,b007_1,f18dabd55fb4264e55e31515ae96d63b,f18dabd55fb4264e55e31515ae96d63b,none,,test
histopathology/Photos/Benign/b008.png,Benign/b008.png,1,b008_1,13507a891415d11fa050103be3d2a2a1,13507a891415d11fa050103be3d2a2a1,none,,test
histopathology/Photos/Benign/b009.png,Benign/b009.png,1,b009_1,10936fd675366c019613ffefe6a7d6a2,10936fd675366c019613ffefe6a7d6a2,none,,train
histopathology/Photos/Benign/b010.png,Benign/b010.png,1,b010_1,5ff33f46651b939f664349d96d23032e,5ff33f46651b939f664349d96d23032e,none,,train
histopathology/Photos/Benign/b011.png,Benign/b011.png,1,b011_1,b8fd16014ef87e294f8c8d6d07d2e0a5,b8fd16014ef87e294f8c8d6d07d2e0a5,none,,val
histopathology/Photos/Benign/b012.png,Benign/b012.png,1,b012_1,146f196b9e16bbc4033aec7c01b4fe23,146f196b9e16bbc4033aec7c01b4fe23,none,,train
histopathology/Photos/Benign/b013.png,Benign/b013.png,1,b013_1,07819a94842dcaa00802709da6d3000e,07819a94842dcaa00802709da6d3000e,none,,val
histopathology/Photos/Benign/b014.png,Benign/b014.png,1,b014_1,66bf5ffa6f724d9c9377b290a0bce6c2,66bf5ffa6f724d9c9377b290a0bce6c2,none,,val
histopathology/Photos/Benign/b015.png,Benign/b015.png,1,b015_1,d06a988872e1ce693ef0956fd7b291a1,d06a988872e1ce693ef0956fd7b291a1,none,,train
histopathology/Photos/Benign/b016.png,Benign/b016.png,1,b016_1,e2a0934fea8e5cbbe670638643463736,e2a0934fea8e5cbbe670638643463736,none,,val
histopathology/Photos/Benign/b017.png,Benign/b017.png,1,b017_1,1b790689ac5dc7b339d1b03d3c2a9a05,1b790689ac5dc7b339d1b03d3c2a9a05,none,,test
histopathology/Photos/Benign/b018.png,Benign/b018.png,1,b018_1,99f056aacbc2536e9f57c983b0bdd406,99f056aacbc2536e9f57c983b0bdd406,none,,train
histopathology/Photos/Benign/b019.png,Benign/b019.png,1,b019_1,38f6ef6dd794f182533ebde26693ff5a,38f6ef6dd794f182533ebde26693ff5a,none,,test
histopathology/Photos/Benign/b020.png,Benign/b020.png,1,b020_1,f660fa8e095d2df1d78376d040d07f83,f660fa8e095d2df1d78376d040d07f83,none,,test
histopathology/Photos/Benign/b021.png,Benign/b021.png,1,b021_1,8d5a5168e72723e2c4947f631a7227b8,8d5a5168e72723e2c4947f631a7227b8,none,,val
histopathology/Photos/Benign/b022.png,Benign/b022.png,1,b022_1,5c32062b0bc7751a1e8a6eb4b6e8a27f,5c32062b0bc7751a1e8a6eb4b6e8a27f,none,,train
histopathology/Photos/Benign/b023.png,Benign/b023.png,1,b023_1,e71c98886e6cd8f1b0138c5544fef8ec,e71c98886e6cd8f1b0138c5544fef8ec,none,,test
histopathology/Photos/Benign/b024.png,Benign/b024.png,1,b024_1,4c828e237535598e9f39ae7b2ac3503f,4c828e237535598e9f39ae7b2ac3503f,none,,test
histopathology/Photos/Benign/b025.png,Benign/b025.png,1,b025_1,d770f58608abdedd9f120c482e53ee38,d770f58608abdedd9f120c482e53ee38,none,,train
histopathology/Photos/Benign/b026.png,Benign/b026.png,1,b026_1,caaeb38f766d3b56176bd863cc64018c,caaeb38f766d3b56176bd863cc64018c,none,,train
histopathology/Photos/Benign/b027.png,Benign/b027.png,1,b027_1,d14ed50bf8f5d52ff126a3c1ccba14c5,d14ed50bf8f5d52ff126a3c1ccba14c5,none,,test
histopathology/Photos/Benign/b028.png,Benign/b028.png,1,b028_1,8e086478f5b9b745d982a2508a5e51a9,8e086478f5b9b745d982a2508a5e51a9,none,,train
histopathology/Photos/Benign/b029.png,Benign/b029.png,1,b029_1,b28c3347acefbbe9e2e90fece0daf967,b28c3347acefbbe9e2e90fece0daf967,none,,train
histopathology/Photos/Benign/b030.png,Benign/b030.png,1,b030_1,5c9b510989d276388a2ad597a9c284e2,5c9b510989d276388a2ad597a9c284e2,none,,test
histopathology/Photos/Benign/b031.png,Benign/b031.png,1,b031_1,550f3b85190f308d50b66f75267cb5e1,550f3b85190f308d50b66f75267cb5e1,none,,train
histopathology/Photos/Benign/b032.png,Benign/b032.png,1,b032_1,a4664cda90e60b0eb26d9ddda4149921,a4664cda90e60b0eb26d9ddda4149921,none,,val
histopathology/Photos/Benign/b033.png,Benign/b033.png,1,b033_1,019d1fee7696bb009dcb395bae2f64d4,019d1fee7696bb009dcb395bae2f64d4,none,,train
histopathology/Photos/Benign/b034.png,Benign/b034.png,1,b034_1,8d56ab25e1d60c2a2ff120fa2b3399ad,8d56ab25e1d60c2a2ff120fa2b3399ad,none,,val
histopathology/Photos/Benign/b035.png,Benign/b035.png,1,b035_1,6d0ee5f0d44f7061fc3fa0e40e586586,6d0ee5f0d44f7061fc3fa0e40e586586,none,,train
histopathology/Photos/Benign/b036.png,Benign/b036.png,1,b036_1,d5fa02fe898758e1f3731effd125f3d5,d5fa02fe898758e1f3731effd125f3d5,none,,train
histopathology/Photos/Benign/b037.png,Benign/b037.png,1,b037_1,f033ee9e43f987840b1fb02927b80907,f033ee9e43f987840b1fb02927b80907,none,,val
histopathology/Photos/Benign/b038.png,Benign/b038.png,1,b038_1,3878a838801fd7b1a0df5ccd4c34329e,3878a838801fd7b1a0df5ccd4c34329e,none,,val
histopathology/Photos/Benign/b039.png,Benign/b039.png,1,b039_1,59cebc1718d9c0aa0dcc6f4b3a19ef73,59cebc1718d9c0aa0dcc6f4b3a19ef73,none,,train
histopathology/Photos/Benign/b040.png,Benign/b040.png,1,b040_1,a9658a35182995e8f7642636ab4e0d8c,a9658a35182995e8f7642636ab4e0d8c,none,,train
histopathology/Photos/Benign/b041.png,Benign/b041.png,1,b041_1,6507fb3f03d13a226d9d4217d8a19ebc,6507fb3f03d13a226d9d4217d8a19ebc,none,,train
histopathology/Photos/Benign/b042.png,Benign/b042.png,1,b042_1,e8d2344f1f54291ff6cc498d01c7cc72,e8d2344f1f54291ff6cc498d01c7cc72,none,,train
histopathology/Photos/Benign/b043.png,Benign/b043.png,1,b043_1,69d769fce9eb9cb2f0f7b9d02ed8a27a,69d769fce9eb9cb2f0f7b9d02ed8a27a,none,,train
histopathology/Photos/Benign/b044.png,Benign/b044.png,1,b044_1,dfeaa30bc673feee61edd5dd235d83fa,dfeaa30bc673feee61edd5dd235d83fa,none,,train
histopathology/Photos/Benign/b045.png,Benign/b045.png,1,b045_1,b4822bf7b452d0eabd10c711a1747c7e,b4822bf7b452d0eabd10c711a1747c7e,none,,val
histopathology/Photos/Benign/b046.png,Benign/b046.png,1,b046_1,7fde718da78991ce0c9d8e4c29fb771a,7fde718da78991ce0c9d8e4c29fb771a,none,,train
histopathology/Photos/Benign/b047.png,Benign/b047.png,1,b047_1,a883fbf5081e176d33be67d416f8e909,a883fbf5081e176d33be67d416f8e909,none,,train
histopathology/Photos/Benign/b048.png,Benign/b048.png,1,b048_1,2cfc23e03574c981a5175e6d0a312e03,2cfc23e03574c981a5175e6d0a312e03,none,,train
histopathology/Photos/Benign/b049.png,Benign/b049.png,1,b049_1,12e0fa172ddb50824fea80b3cc80389a,12e0fa172ddb50824fea80b3cc80389a,none,,test
histopathology/Photos/Benign/b050.png,Benign/b050.png,1,b050_1,97af28b4fbbc07dc4620dcad5931cf84,97af28b4fbbc07dc4620dcad5931cf84,none,,val
histopathology/Photos/Benign/b051.png,Benign/b051.png,1,b051_1,58f3c325fe57a5e06765f6b4e43daff0,58f3c325fe57a5e06765f6b4e43daff0,none,,val
histopathology/Photos/Benign/b052.png,Benign/b052.png,1,b052_1,e7ad82a9423cb2810b86704aef96e59e,e7ad82a9423cb2810b86704aef96e59e,none,,test
histopathology/Photos/Benign/b053.png,Benign/b053.png,1,b053_1,75f693cf204af40a30a0b7f5d47be040,75f693cf204af40a30a0b7f5d47be040,none,,train
histopathology/Photos/Benign/b054.png,Benign/b054.png,1,b054_1,f79be3a6f3024a7fbf2296f7de882ff1,f79be3a6f3024a7fbf2296f7de882ff1,none,,train
histopathology/Photos/Benign/b055.png,Benign/b055.png,1,b055_1,a6a6f96375d4bcc06c6bac78de59d6a8,a6a6f96375d4bcc06c6bac78de59d6a8,none,,val
histopathology/Photos/Benign/b056.png,Benign/b056.png,1,b056_1,444cae56b1fccc8bd5fac14c87ce80d4,444cae56b1fccc8bd5fac14c87ce80d4,none,,train
histopathology/Photos/Benign/b057.png,Benign/b057.png,1,b057_1,b84eb551c95f60feeea6341928dfedf8,b84eb551c95f60feeea6341928dfedf8,none,,train
histopathology/Photos/Benign/b058.png,Benign/b058.png,1,b058_1,8b8f004ce34a4aa7050ac4616eb060e9,8b8f004ce34a4aa7050ac4616eb060e9,none,,train
histopathology/Photos/Benign/b059.png,Benign/b059.png,1,b059_1,776358a9a157b3a16be539ef23c0d0a0,776358a9a157b3a16be539ef23c0d0a0,none,,val
histopathology/Photos/Benign/b060.png,Benign/b060.png,1,b060_1,7322185b9951a2c9395f1dfe2977db95,7322185b9951a2c9395f1dfe2977db95,none,,val
histopathology/Photos/Benign/b061.png,Benign/b061.png,1,b061_1,00c856db85409f891e4c4131c0754ed0,00c856db85409f891e4c4131c0754ed0,none,,train
histopathology/Photos/Benign/b062.png,Benign/b062.png,1,b062_1,2bc4b538fc6deadcd68b8cda58c1ea6f,2bc4b538fc6deadcd68b8cda58c1ea6f,none,,val
histopathology/Photos/Benign/b063.png,Benign/b063.png,1,b063_1,c2ad8f94c603234231c7a7336c9121ae,c2ad8f94c603234231c7a7336c9121ae,none,,train
histopathology/Photos/Benign/b064.png,Benign/b064.png,1,b064_1,62c809f1476b53b10bd334ed365be76b,62c809f1476b53b10bd334ed365be76b,none,,test
histopathology/Photos/Benign/b065.png,Benign/b065.png,1,b065_1,59584aa7df28fdc1c6431f7ca1a820a5,59584aa7df28fdc1c6431f7ca1a820a5,none,,test
histopathology/Photos/Benign/b066.png,Benign/b066.png,1,b066_1,4dd01620e7567882cae1fd2b2d242ee9,4dd01620e7567882cae1fd2b2d242ee9,none,,test
histopathology/Photos/Benign/b067.png,Benign/b067.png,1,b067_1,e65327ff294381e7cfa5012d129e9d9b,e65327ff294381e7cfa5012d129e9d9b,none,,train
histopathology/Photos/Benign/b068.png,Benign/b068.png,1,b068_1,cb79f520f188e2015a8899626b9892a0,cb79f520f188e2015a8899626b9892a0,none,,test
histopathology/Photos/Benign/b069.png,Benign/b069.png,1,b069_1,b6d512fc1e5181befb18753e195675bc,b6d512fc1e5181befb18753e195675bc,none,,val
histopathology/Photos/Benign/b070.png,Benign/b070.png,1,b070_1,d406142a8edfacea48719b89203ff2f9,d406142a8edfacea48719b89203ff2f9,none,,val
histopathology/Photos/Benign/b071.png,Benign/b071.png,1,b071_1,99a2ec02771ee7f20c8d4bbfd5f3b0ee,99a2ec02771ee7f20c8d4bbfd5f3b0ee,none,,train
histopathology/Photos/Benign/b072.png,Benign/b072.png,1,b072_1,4f4c783d845e4460bb140629a52f6426,4f4c783d845e4460bb140629a52f6426,none,,train
histopathology/Photos/Benign/b073.png,Benign/b073.png,1,b073_1,059b837b51a7b812eebd8e88f304e916,059b837b51a7b812eebd8e88f304e916,none,,test
histopathology/Photos/Benign/b074.png,Benign/b074.png,1,b074_1,9e9e749b1551aba9c70ad7a0c16c0bae,9e9e749b1551aba9c70ad7a0c16c0bae,none,,test
histopathology/Photos/Benign/b075.png,Benign/b075.png,1,b075_1,3ca93af1f9bd01c3efb1a6928f9a9f2f,3ca93af1f9bd01c3efb1a6928f9a9f2f,none,,train
histopathology/Photos/Benign/b076.png,Benign/b076.png,1,b076_1,09202852f21fa4bbe4e4e8dc27cefc93,09202852f21fa4bbe4e4e8dc27cefc93,none,,train
histopathology/Photos/Benign/b077.png,Benign/b077.png,1,b077_1,6eece2432e5995f66603c5e35701c7d5,6eece2432e5995f66603c5e35701c7d5,none,,test
histopathology/Photos/Benign/b078.png,Benign/b078.png,1,b078_1,dd2b42852cff0d02c56a803d79d976c0,dd2b42852cff0d02c56a803d79d976c0,none,,train
histopathology/Photos/Benign/b079.png,Benign/b079.png,1,b079_1,5e0d57a73c0690158c7eba6b6fa66e48,5e0d57a73c0690158c7eba6b6fa66e48,none,,train
histopathology/Photos/Benign/b080.png,Benign/b080.png,1,b080_1,ffbb07d271aa432ec3fc4edc62f5865b,ffbb07d271aa432ec3fc4edc62f5865b,none,,train
histopathology/Photos/Benign/b081.png,Benign/b081.png,1,b081_1,5ec7654b3d0fbd411b87c4b46d6a8743,5ec7654b3d0fbd411b87c4b46d6a8743,none,,train
histopathology/Photos/Benign/b082.png,Benign/b082.png,1,b082_1,416fc5081ad56343c91ca69afa461090,416fc5081ad56343c91ca69afa461090,none,,train
histopathology/Photos/Benign/b083.png,Benign/b083.png,1,b083_1,3705e1cb6fde3f49f6f679181ca19b1a,3705e1cb6fde3f49f6f679181ca19b1a,none,,train
histopathology/Photos/Benign/b084.png,Benign/b084.png,1,b084_1,e1f7b44589924e641ae59acbc3455700,e1f7b44589924e641ae59acbc3455700,none,,test
histopathology/Photos/Benign/b085.png,Benign/b085.png,1,b085_1,2fd5a363219bb6e84344797aa2d78ebc,2fd5a363219bb6e84344797aa2d78ebc,none,,test
histopathology/Photos/Benign/b086.png,Benign/b086.png,1,b086_1,ecb65e113f951d96c16679b8ad371a41,ecb65e113f951d96c16679b8ad371a41,none,,test
histopathology/Photos/Benign/b087.png,Benign/b087.png,1,b087_1,eb1a2798385902c2761d756cfe5483ec,eb1a2798385902c2761d756cfe5483ec,none,,train
histopathology/Photos/Benign/b088.png,Benign/b088.png,1,b088_1,b8fea8e130624ffd0e0d5a8d1abb44eb,b8fea8e130624ffd0e0d5a8d1abb44eb,none,,train
histopathology/Photos/Benign/b089.png,Benign/b089.png,1,b089_1,4452f36086cb65f0d0159fa063da753f,4452f36086cb65f0d0159fa063da753f,none,,val
histopathology/Photos/Benign/b090.png,Benign/b090.png,1,b090_1,3339de7dad9fe436e983af62159faf35,3339de7dad9fe436e983af62159faf35,none,,train
histopathology/Photos/Benign/b091.png,Benign/b091.png,1,b091_1,e625b3c8b7f570a923e42ec2b4de404d,e625b3c8b7f570a923e42ec2b4de404d,none,,train
histopathology/Photos/Benign/b092.png,Benign/b092.png,1,b092_1,c5b00ea1310db048cc41ae0897f43842,c5b00ea1310db048cc41ae0897f43842,none,,train
histopathology/Photos/Benign/b093.png,Benign/b093.png,1,b093_1,2650c46443d663777688428be8d92fe1,2650c46443d663777688428be8d92fe1,none,,val
histopathology/Photos/Benign/b094.png,Benign/b094.png,1,b094_1,4febf7915991ed883f1f3e4c9ce72b28,4febf7915991ed883f1f3e4c9ce72b28,none,,train
histopathology/Photos/Benign/b095.png,Benign/b095.png,1,b095_1,7a47723455e7011eb8da2c3ee3486cf7,7a47723455e7011eb8da2c3ee3486cf7,none,,test
histopathology/Photos/Benign/b096.png,Benign/b096.png,1,b096_1,2cf092ad8cce68e2df841d142119930d,2cf092ad8cce68e2df841d142119930d,none,,train
histopathology/Photos/Benign/b097.png,Benign/b097.png,1,b097_1,a86342e9da3680b651b44dc289456a94,a86342e9da3680b651b44dc289456a94,none,,test
histopathology/Photos/Benign/b098.png,Benign/b098.png,1,b098_1,6ffaf21f6760050915a60676fa87dcfb,6ffaf21f6760050915a60676fa87dcfb,none,,train
histopathology/Photos/Benign/b099.png,Benign/b099.png,1,b099_1,1955a0827d4f47d16b505519101b3506,1955a0827d4f47d16b505519101b3506,none,,val
histopathology/Photos/Benign/b100.png,Benign/b100.png,1,b100_1,79e0969d539016fdbcb4e1ebcba41ff8,79e0969d539016fdbcb4e1ebcba41ff8,none,,train
histopathology/Photos/InSitu/is001.png,InSitu/is001.png,2,is001_2,8d257a55a3ec2c3014e211e5060da837,8d257a55a3ec2c3014e211e5060da837,none,,test
histopathology/Photos/InSitu/is002.png,InSitu/is002.png,2,is002_2,cb1cf3fc31f4eeb0a033c589ff10fac0,cb1cf3fc31f4eeb0a033c589ff10fac0,none,,val
histopathology/Photos/InSitu/is003.png,InSitu/is003.png,2,is003_2,cbcd6a6cc4dbb8a8ad4e0155df823b4c,cbcd6a6cc4dbb8a8ad4e0155df823b4c,none,,train
histopathology/Photos/InSitu/is004.png,InSitu/is004.png,2,is004_2,e77ad203ad0d78dec00736d71dfaafb2,e77ad203ad0d78dec00736d71dfaafb2,none,,train
histopathology/Photos/InSitu/is005.png,InSitu/is005.png,2,is005_2,72c4a2b2bd4fede96eb0dc536530d63d,72c4a2b2bd4fede96eb0dc536530d63d,none,,train
histopathology/Photos/InSitu/is006.png,InSitu/is006.png,2,is006_2,ec2ffc2c6823cc6e4fb7c9cbf7bb368b,ec2ffc2c6823cc6e4fb7c9cbf7bb368b,none,,val
histopathology/Photos/InSitu/is007.png,InSitu/is007.png,2,is007_2,e7583997c459c445493357ff56262465,e7583997c459c445493357ff56262465,none,,val
histopathology/Photos/InSitu/is008.png,InSitu/is008.png,2,is008_2,df1f0466330a99cd54e37fd7f232f25c,df1f0466330a99cd54e37fd7f232f25c,none,,train
histopathology/Photos/InSitu/is009.png,InSitu/is009.png,2,is009_2,2453c124dc5f733b4d92ef2f168ae341,2453c124dc5f733b4d92ef2f168ae341,none,,train
histopathology/Photos/InSitu/is010.png,InSitu/is010.png,2,is010_2,dc02e543778c27f5711f890f5c79a38f,dc02e543778c27f5711f890f5c79a38f,none,,train
histopathology/Photos/InSitu/is011.png,InSitu/is011.png,2,is011_2,0701890bebb9a784e38d5208333291b2,0701890bebb9a784e38d5208333291b2,none,,train
histopathology/Photos/InSitu/is012.png,InSitu/is012.png,2,is012_2,92de675c4e0503c14f4f157080b2aaa1,92de675c4e0503c14f4f157080b2aaa1,none,,train
histopathology/Photos/InSitu/is013.png,InSitu/is013.png,2,is013_2,06a843bd68ce1eef11b13358b49d3d70,06a843bd68ce1eef11b13358b49d3d70,none,,train
histopathology/Photos/InSitu/is014.png,InSitu/is014.png,2,is014_2,a9fc10a92957965a250a94cdd48ffaf6,a9fc10a92957965a250a94cdd48ffaf6,none,,val
histopathology/Photos/InSitu/is015.png,InSitu/is015.png,2,is015_2,8e9f71b72820d9b70f5e10ebb5dc755b,8e9f71b72820d9b70f5e10ebb5dc755b,none,,train
histopathology/Photos/InSitu/is016.png,InSitu/is016.png,2,is016_2,4f7e2660080c57026614d114138a8d59,4f7e2660080c57026614d114138a8d59,none,,val
histopathology/Photos/InSitu/is017.png,InSitu/is017.png,2,is017_2,2fef8ad6ceca69b460d3b08aced4a4c1,2fef8ad6ceca69b460d3b08aced4a4c1,none,,train
histopathology/Photos/InSitu/is018.png,InSitu/is018.png,2,is018_2,da57c7f96156f2c608ba36dfb0423dd9,da57c7f96156f2c608ba36dfb0423dd9,none,,val
histopathology/Photos/InSitu/is020.png,InSitu/is020.png,2,is020_2,c1d7d909268c5fff97bff4a6253b0bfb,c1d7d909268c5fff97bff4a6253b0bfb,none,,test
histopathology/Photos/InSitu/is021.png,InSitu/is021.png,2,is021_2,5f7b255f0e234ab0d43a54ba54e15e76,5f7b255f0e234ab0d43a54ba54e15e76,none,,test
histopathology/Photos/InSitu/is022.png,InSitu/is022.png,2,is022_2,bb30ab5b4436c2aff7369008b06c8e21,bb30ab5b4436c2aff7369008b06c8e21,none,,val
histopathology/Photos/InSitu/is023.png,InSitu/is023.png,2,is023_2,e7d8c34cefda15264ec6249ef96f8572,e7d8c34cefda15264ec6249ef96f8572,none,,train
histopathology/Photos/InSitu/is024.png,InSitu/is024.png,2,is024_2,4324623c6b02718162c9b31744fc9787,4324623c6b02718162c9b31744fc9787,none,,train
histopathology/Photos/InSitu/is025.png,InSitu/is025.png,2,is025_2,93a47203eeae74956f80e6dd1fcdd49f,93a47203eeae74956f80e6dd1fcdd49f,none,,test
histopathology/Photos/InSitu/is026.png,InSitu/is026.png,2,is026_2,bfcfe2d4dc3db0ca7cde26853399eeae,bfcfe2d4dc3db0ca7cde26853399eeae,none,,train
histopathology/Photos/InSitu/is027.png,InSitu/is027.png,2,is027_2,71feed00f6cf12f1ec8ca996045244a1,71feed00f6cf12f1ec8ca996045244a1,none,,train
histopathology/Photos/InSitu/is028.png,InSitu/is028.png,2,is028_2,92fbe8b7bd732d52231fe7fe53e699b9,92fbe8b7bd732d52231fe7fe53e699b9,none,,train
histopathology/Photos/InSitu/is029.png,InSitu/is029.png,2,is029_2,95f86d7fc56f4ad5cac88c3265592fea,95f86d7fc56f4ad5cac88c3265592fea,none,,train
histopathology/Photos/InSitu/is030.png,InSitu/is030.png,2,is030_2,116b380975f9b715ac6dce9f9a3e47a2,116b380975f9b715ac6dce9f9a3e47a2,none,,test
histopathology/Photos/InSitu/is031.png,InSitu/is031.png,2,is031_2,4ab3b79c57550f03cfbe559f75180e87,4ab3b79c57550f03cfbe559f75180e87,none,,train
histopathology/Photos/InSitu/is032.png,InSitu/is032.png,2,is032_2,e78524eaf0db98ed08de23b311156fc6,e78524eaf0db98ed08de23b311156fc6,none,,train
histopathology/Photos/InSitu/is033.png,InSitu/is033.png,2,is033_2,14620bfa3df2b6abfe3874a5e81b180a,14620bfa3df2b6abfe3874a5e81b180a,none,,train
histopathology/Photos/InSitu/is034.png,InSitu/is034.png,2,is034_2,83b05d2bf930f2f062cc4421c5e5cf7b,83b05d2bf930f2f062cc4421c5e5cf7b,none,,train
histopathology/Photos/InSitu/is035.png,InSitu/is035.png,2,is035_2,b9306b1247c90be638d329df0a5c7273,b9306b1247c90be638d329df0a5c7273,none,,test
histopathology/Photos/InSitu/is036.png,InSitu/is036.png,2,is036_2,66666273059e44c1580817f7c1392b41,66666273059e44c1580817f7c1392b41,none,,train
histopathology/Photos/InSitu/is037.png,InSitu/is037.png,2,is037_2,ae71c6ae46e8d047005a43e50eccd755,ae71c6ae46e8d047005a43e50eccd755,none,,test
histopathology/Photos/InSitu/is038.png,InSitu/is038.png,2,is038_2,8e2cef08464ae5721b5044df66d06587,8e2cef08464ae5721b5044df66d06587,none,,test
histopathology/Photos/InSitu/is039.png,InSitu/is039.png,2,is039_2,61ade96c750f20cce90c1982d1c3619d,61ade96c750f20cce90c1982d1c3619d,none,,train
histopathology/Photos/InSitu/is040.png,InSitu/is040.png,2,is040_2,a4c81edb9c920bfdc6c33417cb0acab3,a4c81edb9c920bfdc6c33417cb0acab3,none,,train
histopathology/Photos/InSitu/is041.png,InSitu/is041.png,2,is041_2,62730104ef8c2d81f1db76e6472ac8b1,62730104ef8c2d81f1db76e6472ac8b1,none,,train
histopathology/Photos/InSitu/is042.png,InSitu/is042.png,2,is042_2,1e5d80363cef580750510be06ed5d5b9,1e5d80363cef580750510be06ed5d5b9,none,,train
histopathology/Photos/InSitu/is043.png,InSitu/is043.png,2,is043_2,d3f8be62ecd8c88f669d619553a95889,d3f8be62ecd8c88f669d619553a95889,none,,train
histopathology/Photos/InSitu/is044.png,InSitu/is044.png,2,is044_2,586ba04c26b4f17f82d4db1928d88b98,586ba04c26b4f17f82d4db1928d88b98,none,,train
histopathology/Photos/InSitu/is045.png,InSitu/is045.png,2,is045_2,10bf089761281d24e98256b9bfa43889,10bf089761281d24e98256b9bfa43889,none,,train
histopathology/Photos/InSitu/is046.png,InSitu/is046.png,2,is046_2,0c923ab655acc728e174794866e601ca,0c923ab655acc728e174794866e601ca,none,,train
histopathology/Photos/InSitu/is047.png,InSitu/is047.png,2,is047_2,bef50746634b8d620aa1f6728c28f624,bef50746634b8d620aa1f6728c28f624,none,,train
histopathology/Photos/InSitu/is048.png,InSitu/is048.png,2,is048_2,042c001aacb56e92357879c5dbf0ae69,042c001aacb56e92357879c5dbf0ae69,none,,train
histopathology/Photos/InSitu/is049.png,InSitu/is049.png,2,is049_2,683ffda10ddca45e0f3a9b4e87b3a2a3,683ffda10ddca45e0f3a9b4e87b3a2a3,none,,train
histopathology/Photos/InSitu/is050.png,InSitu/is050.png,2,is050_2,87cd017a894963a3ca3847936a18d449,87cd017a894963a3ca3847936a18d449,none,,train
histopathology/Photos/InSitu/is051.png,InSitu/is051.png,2,is051_2,6234d99fd1fd26eef9f9925f37e32217,6234d99fd1fd26eef9f9925f37e32217,none,,train
histopathology/Photos/InSitu/is052.png,InSitu/is052.png,2,is052_2,f82f037897f2d3e0cf68d0699910f73f,f82f037897f2d3e0cf68d0699910f73f,none,,train
histopathology/Photos/InSitu/is053.png,InSitu/is053.png,2,is053_2,178a4d9c2bd590dbcf4456e617cd89cc,178a4d9c2bd590dbcf4456e617cd89cc,none,,train
histopathology/Photos/InSitu/is054.png,InSitu/is054.png,2,is054_2,ca33a5cd6015513bd2b8d2d482a292af,ca33a5cd6015513bd2b8d2d482a292af,none,,val
histopathology/Photos/InSitu/is055.png,InSitu/is055.png,2,is055_2,10c23d1c9f4e161c174ac8b2d2b09c19,10c23d1c9f4e161c174ac8b2d2b09c19,none,,train
histopathology/Photos/InSitu/is056.png,InSitu/is056.png,2,is056_2,282feb1183edacbf01d2f17bff01ea5e,282feb1183edacbf01d2f17bff01ea5e,none,,train
histopathology/Photos/InSitu/is057.png,InSitu/is057.png,2,is057_2,b6f4478525be325d2ff4b0a0c134528a,b6f4478525be325d2ff4b0a0c134528a,none,,train
histopathology/Photos/InSitu/is058.png,InSitu/is058.png,2,is058_2,d6f363128aa858a0eadd52c99d9b61ca,d6f363128aa858a0eadd52c99d9b61ca,none,,test
histopathology/Photos/InSitu/is059.png,InSitu/is059.png,2,is059_2,398814fcc06d72ec2ebcfec56e454ccd,398814fcc06d72ec2ebcfec56e454ccd,none,,test
histopathology/Photos/InSitu/is060.png,InSitu/is060.png,2,is060_2,6644425d08c216c36148fb956d6e2003,6644425d08c216c36148fb956d6e2003,none,,train
histopathology/Photos/InSitu/is061.png,InSitu/is061.png,2,is061_2,f98fd56f31716e7a521e3cd980e34cab,f98fd56f31716e7a521e3cd980e34cab,none,,train
histopathology/Photos/InSitu/is062.png,InSitu/is062.png,2,is062_2,5c4be6613197b384cb036c7b687b760f,5c4be6613197b384cb036c7b687b760f,none,,train
histopathology/Photos/InSitu/is063.png,InSitu/is063.png,2,is063_2,e80d345630aa09941a6cd5d2a2626232,e80d345630aa09941a6cd5d2a2626232,none,,val
histopathology/Photos/InSitu/is064.png,InSitu/is064.png,2,is064_2,5c1c6100885e880235b9f63433338d8a,5c1c6100885e880235b9f63433338d8a,none,,val
histopathology/Photos/InSitu/is065.png,InSitu/is065.png,2,is065_2,e6fdeedd0a72b051ec76098105f4a567,e6fdeedd0a72b051ec76098105f4a567,none,,train
histopathology/Photos/InSitu/is066.png,InSitu/is066.png,2,is066_2,d99d789721cdcee651219a7319190b0f,d99d789721cdcee651219a7319190b0f,none,,train
histopathology/Photos/InSitu/is067.png,InSitu/is067.png,2,is067_2,497da289e9834ca147facc84154e70d8,497da289e9834ca147facc84154e70d8,none,,train
histopathology/Photos/InSitu/is068.png,InSitu/is068.png,2,is068_2,73b3970f8adb86133d720378e7f3c854,73b3970f8adb86133d720378e7f3c854,none,,train
histopathology/Photos/InSitu/is069.png,InSitu/is069.png,2,is069_2,56948f15a8b563a4b642fe4c3ecbb917,56948f15a8b563a4b642fe4c3ecbb917,none,,train
histopathology/Photos/InSitu/is070.png,InSitu/is070.png,2,is070_2,c3ed4dfd918a3ca172f914ce2e9f5dd8,c3ed4dfd918a3ca172f914ce2e9f5dd8,none,,train
histopathology/Photos/InSitu/is071.png,InSitu/is071.png,2,is071_2,84d011d85b94e9f5ec0b9b605069d6f1,84d011d85b94e9f5ec0b9b605069d6f1,none,,test
histopathology/Photos/InSitu/is072.png,InSitu/is072.png,2,is072_2,1e571f87f767644d88bb41650213391f,1e571f87f767644d88bb41650213391f,none,,train
histopathology/Photos/InSitu/is073.png,InSitu/is073.png,2,is073_2,11dd647894ddc9ada06c9c9d1a3e3de9,11dd647894ddc9ada06c9c9d1a3e3de9,none,,train
histopathology/Photos/InSitu/is074.png,InSitu/is074.png,2,is074_2,c2fa5bd29866232e58a8be893da394c8,c2fa5bd29866232e58a8be893da394c8,none,,train
histopathology/Photos/InSitu/is075.png,InSitu/is075.png,2,is075_2,c958062c9b02cde462ea4a92f4c9cae3,c958062c9b02cde462ea4a92f4c9cae3,none,,test
histopathology/Photos/InSitu/is076.png,InSitu/is076.png,2,is076_2,e3298beb5accefb1a1f94177a7ef2b1c,e3298beb5accefb1a1f94177a7ef2b1c,none,,test
histopathology/Photos/InSitu/is077.png,InSitu/is077.png,2,is077_2,120fddf5538073c6ac2c3a39066249ee,120fddf5538073c6ac2c3a39066249ee,none,,train
histopathology/Photos/InSitu/is078.png,InSitu/is078.png,2,is078_2,13d7f32d422302352ae9a422868ae499,13d7f32d422302352ae9a422868ae499,none,,val
histopathology/Photos/InSitu/is079.png,InSitu/is079.png,2,is079_2,250ad737cf9a0aa066af25f3a29ac354,250ad737cf9a0aa066af25f3a29ac354,none,,train
histopathology/Photos/InSitu/is080.png,InSitu/is080.png,2,is080_2,a0efa10a3e00c840252b6a0c1b60e44f,a0efa10a3e00c840252b6a0c1b60e44f,none,,train
histopathology/Photos/InSitu/is081.png,InSitu/is081.png,2,is081_2,85d5dc7484892ad3c673ab15f875f764,85d5dc7484892ad3c673ab15f875f764,none,,train
histopathology/Photos/InSitu/is082.png,InSitu/is082.png,2,is082_2,57a0323563f3d6c4b78b765f275358cc,57a0323563f3d6c4b78b765f275358cc,none,,test
histopathology/Photos/InSitu/is083.png,InSitu/is083.png,2,is083_2,316ea732569b1f2c548db4a608ab78c9,316ea732569b1f2c548db4a608ab78c9,none,,train
histopathology/Photos/InSitu/is084.png,InSitu/is084.png,2,is084_2,c5d94e72f3a5092c622e153e9022594d,c5d94e72f3a5092c622e153e9022594d,none,,train
histopathology/Photos/InSitu/is085.png,InSitu/is085.png,2,is085_2,e9489b96e281af573cccec6db68a2eba,e9489b96e281af573cccec6db68a2eba,none,,train
histopathology/Photos/InSitu/is086.png,InSitu/is086.png,2,is086_2,c39a50681780b17146b0ce58ab32da5a,c39a50681780b17146b0ce58ab32da5a,none,,val
histopathology/Photos/InSitu/is087.png,InSitu/is087.png,2,is087_2,fba2d78d2f847ef410aba033846e369c,fba2d78d2f847ef410aba033846e369c,none,,val
histopathology/Photos/InSitu/is088.png,InSitu/is088.png,2,is088_2,562c488c41ef2309bcdfcbe12fca89ee,562c488c41ef2309bcdfcbe12fca89ee,none,,train
histopathology/Photos/InSitu/is089.png,InSitu/is089.png,2,is089_2,e002f69666a60bfdea6686501c7743e0,e002f69666a60bfdea6686501c7743e0,none,,val
histopathology/Photos/InSitu/is090.png,InSitu/is090.png,2,is090_2,f339846e482e0f4cf7df3590697d1755,f339846e482e0f4cf7df3590697d1755,none,,train
histopathology/Photos/InSitu/is091.png,InSitu/is091.png,2,is091_2,eeab87901479776f1c35737d78a09d9a,eeab87901479776f1c35737d78a09d9a,none,,train
histopathology/Photos/InSitu/is092.png,InSitu/is092.png,2,is092_2,802aad0b3c6f767565f8ea936441fc0c,802aad0b3c6f767565f8ea936441fc0c,none,,train
histopathology/Photos/InSitu/is093.png,InSitu/is093.png,2,is093_2,df2543a92d06088d79d79d7a6edf1643,df2543a92d06088d79d79d7a6edf1643,none,,test
histopathology/Photos/InSitu/is094.png,InSitu/is094.png,2,is094_2,2a1577609366290cee262feae17825b6,2a1577609366290cee262feae17825b6,none,,train
histopathology/Photos/InSitu/is095.png,InSitu/is095.png,2,is095_2,97f622d84b736c28b1e170ea588b8f4b,97f622d84b736c28b1e170ea588b8f4b,none,,test
histopathology/Photos/InSitu/is096.png,InSitu/is096.png,2,is096_2,414518e675e80e4e41346364ca85482d,414518e675e80e4e41346364ca85482d,none,,train
histopathology/Photos/InSitu/is097.png,InSitu/is097.png,2,is097_2,ece48bfb21b012fafd08f934dd16caf7,ece48bfb21b012fafd08f934dd16caf7,none,,train
histopathology/Photos/InSitu/is098.png,InSitu/is098.png,2,is098_2,3e8bc5776b2c0b455e6eea706a2ad2b3,3e8bc5776b2c0b455e6eea706a2ad2b3,none,,train
histopathology/Photos/InSitu/is099.png,InSitu/is099.png,2,is099_2,858e814c2215f43c0a57c473d8baf108,858e814c2215f43c0a57c473d8baf108,none,,train
histopathology/Photos/InSitu/is100.png,InSitu/is100.png,2,is100_2,b3f861254c7f2c0b3cf0fbb8152fdae3,b3f861254c7f2c0b3cf0fbb8152fdae3,none,,train
histopathology/Photos/Invasive/iv001.png,Invasive/iv001.png,3,iv001_3,f9833f1cbc96d26bf7744e9c7323cdce,f9833f1cbc96d26bf7744e9c7323cdce,none,,train
histopathology/Photos/Invasive/iv002.png,Invasive/iv002.png,3,iv002_3,0fef1190be52e740e51af93c314700a1,0fef1190be52e740e51af93c314700a1,none,,train
histopathology/Photos/Invasive/iv003.png,Invasive/iv003.png,3,iv003_3,ca3c2dd7aa8d86f197c84edf57776808,ca3c2dd7aa8d86f197c84edf57776808,none,,train
histopathology/Photos/Invasive/iv004.png,Invasive/iv004.png,3,iv004_3,59c15c787ec83691da22e0cd20ea935f,59c15c787ec83691da22e0cd20ea935f,none,,train
histopathology/Photos/Invasive/iv005.png,Invasive/iv005.png,3,iv005_3,cbf2bd9b9440f958aafe1dd9f4d49dbc,cbf2bd9b9440f958aafe1dd9f4d49dbc,none,,test
histopathology/Photos/Invasive/iv006.png,Invasive/iv006.png,3,iv006_3,4d7aeaeefd9735155460b768bb92e82a,4d7aeaeefd9735155460b768bb92e82a,none,,train
histopathology/Photos/Invasive/iv007.png,Invasive/iv007.png,3,iv007_3,9293446107a6e069b124f408c5e99dc6,9293446107a6e069b124f408c5e99dc6,none,,train
histopathology/Photos/Invasive/iv008.png,Invasive/iv008.png,3,iv008_3,2d938082050c6726a4fe6115a9a36549,2d938082050c6726a4fe6115a9a36549,none,,train
histopathology/Photos/Invasive/iv009.png,Invasive/iv009.png,3,iv009_3,039177eaf108739e0a0b0b6a34cc28d2,039177eaf108739e0a0b0b6a34cc28d2,none,,train
histopathology/Photos/Invasive/iv010.png,Invasive/iv010.png,3,iv010_3,5523fd70a1d869f10f790c32ac09a1ff,5523fd70a1d869f10f790c32ac09a1ff,none,,val
histopathology/Photos/Invasive/iv011.png,Invasive/iv011.png,3,iv011_3,f9996bc5d235ee416d954649f6cf4f2f,f9996bc5d235ee416d954649f6cf4f2f,none,,test
histopathology/Photos/Invasive/iv012.png,Invasive/iv012.png,3,iv012_3,b5b58a1caf32bc5904b11d5a0b0ab7ae,b5b58a1caf32bc5904b11d5a0b0ab7ae,none,,test
histopathology/Photos/Invasive/iv013.png,Invasive/iv013.png,3,iv013_3,b57e44bedeae3fe0f9d05e23eb3e16b2,b57e44bedeae3fe0f9d05e23eb3e16b2,none,,train
histopathology/Photos/Invasive/iv014.png,Invasive/iv014.png,3,iv014_3,641fe8e0e4d51b1900629fe8768f8852,641fe8e0e4d51b1900629fe8768f8852,none,,val
histopathology/Photos/Invasive/iv015.png,Invasive/iv015.png,3,iv015_3,1ab56d62b091033e2547b80c829f14a5,1ab56d62b091033e2547b80c829f14a5,none,,train
histopathology/Photos/Invasive/iv016.png,Invasive/iv016.png,3,iv016_3,ed42a266b704c7bb97b22f68133db15f,ed42a266b704c7bb97b22f68133db15f,none,,train
histopathology/Photos/Invasive/iv017.png,Invasive/iv017.png,3,iv017_3,395a066f69e6d7ed63a550b80d562472,395a066f69e6d7ed63a550b80d562472,none,,train
histopathology/Photos/Invasive/iv018.png,Invasive/iv018.png,3,iv018_3,bb6a667046b2eacdca2d52827b3fe637,bb6a667046b2eacdca2d52827b3fe637,none,,train
histopathology/Photos/Invasive/iv019.png,Invasive/iv019.png,3,iv019_3,7cc65b9ce2e1767ecb8498d40699cf31,7cc65b9ce2e1767ecb8498d40699cf31,none,,test
histopathology/Photos/Invasive/iv020.png,Invasive/iv020.png,3,iv020_3,f41d56fe0263730d7f047c069f1191a7,f41d56fe0263730d7f047c069f1191a7,none,,train
histopathology/Photos/Invasive/iv021.png,Invasive/iv021.png,3,iv021_3,4a010a68fb6eb120403ccd7aa7cf5ac0,4a010a68fb6eb120403ccd7aa7cf5ac0,none,,train
histopathology/Photos/Invasive/iv022.png,Invasive/iv022.png,3,iv022_3,f161382d01e864ea08a38d8f48c7c685,f161382d01e864ea08a38d8f48c7c685,none,,train
histopathology/Photos/Invasive/iv023.png,Invasive/iv023.png,3,iv023_3,7221c8453bda45247b7d99adb39a0ba4,7221c8453bda45247b7d99adb39a0ba4,none,,train
histopathology/Photos/Invasive/iv024.png,Invasive/iv024.png,3,iv024_3,a55712f2b78508585a49af2c66939f2e,a55712f2b78508585a49af2c66939f2e,none,,test
histopathology/Photos/Invasive/iv025.png,Invasive/iv025.png,3,iv025_3,fbe1cb35b6b7d700c52e791f7fe0ff9f,fbe1cb35b6b7d700c52e791f7fe0ff9f,none,,train
histopathology/Photos/Invasive/iv026.png,Invasive/iv026.png,3,iv026_3,5fc848d37ac705d0ecb0477ea315f431,5fc848d37ac705d0ecb0477ea315f431,none,,val
histopathology/Photos/Invasive/iv027.png,Invasive/iv027.png,3,iv027_3,6b8893204eceb29196a67b2d536d2899,6b8893204eceb29196a67b2d536d2899,none,,test
histopathology/Photos/Invasive/iv028.png,Invasive/iv028.png,3,iv028_3,25f0bedfbdb1de221ea0f6ca44a249ce,25f0bedfbdb1de221ea0f6ca44a249ce,none,,train
histopathology/Photos/Invasive/iv029.png,Invasive/iv029.png,3,iv029_3,db8f29a587630876a9a2c1a75b42f022,db8f29a587630876a9a2c1a75b42f022,none,,train
histopathology/Photos/Invasive/iv030.png,Invasive/iv030.png,3,iv030_3,acdde1f7f714d65ce05c834e6ee5cca7,acdde1f7f714d65ce05c834e6ee5cca7,none,,train
histopathology/Photos/Invasive/iv031.png,Invasive/iv031.png,3,iv031_3,b8f735f79840d995a2594d4ad931c7ea,b8f735f79840d995a2594d4ad931c7ea,none,,test
histopathology/Photos/Invasive/iv032.png,Invasive/iv032.png,3,iv032_3,49e7f122bca9f3b2e5bd01ffaf5da5c7,49e7f122bca9f3b2e5bd01ffaf5da5c7,none,,train
histopathology/Photos/Invasive/iv033.png,Invasive/iv033.png,3,iv033_3,1eb4cbffd2c3a87595ffe42c0eff69db,1eb4cbffd2c3a87595ffe42c0eff69db,none,,train
histopathology/Photos/Invasive/iv034.png,Invasive/iv034.png,3,iv034_3,77a3f30a8df017a7c4f3098ef3261026,77a3f30a8df017a7c4f3098ef3261026,none,,train
histopathology/Photos/Invasive/iv035.png,Invasive/iv035.png,3,iv035_3,22e5922fe794a175218179d6d31fb22d,22e5922fe794a175218179d6d31fb22d,none,,train
histopathology/Photos/Invasive/iv036.png,Invasive/iv036.png,3,iv036_3,bb40d64ff82f8ef140649b9e4d0d9d31,bb40d64ff82f8ef140649b9e4d0d9d31,none,,train
histopathology/Photos/Invasive/iv037.png,Invasive/iv037.png,3,iv037_3,4cda5e0b5fc1a8fe8b570ca5919af8b3,4cda5e0b5fc1a8fe8b570ca5919af8b3,none,,train
histopathology/Photos/Invasive/iv038.png,Invasive/iv038.png,3,iv038_3,dbc43863cb9bf95ad4128103551d65e6,dbc43863cb9bf95ad4128103551d65e6,none,,test
histopathology/Photos/Invasive/iv039.png,Invasive/iv039.png,3,iv039_3,9e906318057648054b1c8463e14be2ae,9e906318057648054b1c8463e14be2ae,none,,train
histopathology/Photos/Invasive/iv040.png,Invasive/iv040.png,3,iv040_3,dccf1c9274afb5fdc97d9c3bf1ca3632,dccf1c9274afb5fdc97d9c3bf1ca3632,none,,val
histopathology/Photos/Invasive/iv041.png,Invasive/iv041.png,3,iv041_3,be24be2f8b04b2d622888b1460523f31,be24be2f8b04b2d622888b1460523f31,none,,train
histopathology/Photos/Invasive/iv042.png,Invasive/iv042.png,3,iv042_3,48250db1e2320d55e01aa5fa16ebb540,48250db1e2320d55e01aa5fa16ebb540,none,,train
histopathology/Photos/Invasive/iv043.png,Invasive/iv043.png,3,iv043_3,8937bc704f1b74adae2d0cee3821bc54,8937bc704f1b74adae2d0cee3821bc54,none,,train
histopathology/Photos/Invasive/iv044.png,Invasive/iv044.png,3,iv044_3,7243000837006c123c92f9933a1b9912,7243000837006c123c92f9933a1b9912,none,,train
histopathology/Photos/Invasive/iv045.png,Invasive/iv045.png,3,iv045_3,3d27cae9d633c20baead1a2b24ffe8cf,3d27cae9d633c20baead1a2b24ffe8cf,none,,train
histopathology/Photos/Invasive/iv046.png,Invasive/iv046.png,3,iv046_3,0543e846f4551f23acafb14689f05ef9,0543e846f4551f23acafb14689f05ef9,none,,train
histopathology/Photos/Invasive/iv047.png,Invasive/iv047.png,3,iv047_3,9e0da4a19f535906c4fdfa84c98ce51f,9e0da4a19f535906c4fdfa84c98ce51f,none,,train
histopathology/Photos/Invasive/iv048.png,Invasive/iv048.png,3,iv048_3,858303c8894b070a5add8bf78c04960a,858303c8894b070a5add8bf78c04960a,none,,val
histopathology/Photos/Invasive/iv049.png,Invasive/iv049.png,3,iv049_3,ecf7d54a91f254fb0bb78e4023433404,ecf7d54a91f254fb0bb78e4023433404,none,,train
histopathology/Photos/Invasive/iv050.png,Invasive/iv050.png,3,iv050_3,665efa99f2cd2ee37f5b6ca1cea74723,665efa99f2cd2ee37f5b6ca1cea74723,none,,train
histopathology/Photos/Invasive/iv051.png,Invasive/iv051.png,3,iv051_3,7b7f8606f7cece67f53ecd0238e50d66,7b7f8606f7cece67f53ecd0238e50d66,none,,val
histopathology/Photos/Invasive/iv052.png,Invasive/iv052.png,3,iv052_3,ef2e45f13e431038a8445660c489091f,ef2e45f13e431038a8445660c489091f,none,,train
histopathology/Photos/Invasive/iv053.png,Invasive/iv053.png,3,iv053_3,c8e884b12068ae143f57b6d97a355c4f,c8e884b12068ae143f57b6d97a355c4f,none,,train
histopathology/Photos/Invasive/iv054.png,Invasive/iv054.png,3,iv054_3,482c5caf567511c661d82250c375435e,482c5caf567511c661d82250c375435e,none,,train
histopathology/Photos/Invasive/iv055.png,Invasive/iv055.png,3,iv055_3,49cc1010d5e54bf0fd08fe4584a4b8a3,49cc1010d5e54bf0fd08fe4584a4b8a3,none,,train
histopathology/Photos/Invasive/iv056.png,Invasive/iv056.png,3,iv056_3,dbca53789da96de5b72d9bcba7001ab8,dbca53789da96de5b72d9bcba7001ab8,none,,train
histopathology/Photos/Invasive/iv057.png,Invasive/iv057.png,3,iv057_3,b22fe372c6ee77648fb6c72f28d98366,b22fe372c6ee77648fb6c72f28d98366,none,,train
histopathology/Photos/Invasive/iv058.png,Invasive/iv058.png,3,iv058_3,c5a0c401c12b70f458d6435aa3711f10,c5a0c401c12b70f458d6435aa3711f10,none,,train
histopathology/Photos/Invasive/iv059.png,Invasive/iv059.png,3,iv059_3,fccfa24f4a11509acbb13c724959162c,fccfa24f4a11509acbb13c724959162c,none,,train
histopathology/Photos/Invasive/iv060.png,Invasive/iv060.png,3,iv060_3,2c442b36963b86a67770ec2133168789,2c442b36963b86a67770ec2133168789,none,,test
histopathology/Photos/Invasive/iv061.png,Invasive/iv061.png,3,iv061_3,983ca323e8dda6465cff82549f8cf2f6,983ca323e8dda6465cff82549f8cf2f6,none,,train
histopathology/Photos/Invasive/iv062.png,Invasive/iv062.png,3,iv062_3,3ead3a29d99f60668da6daf361c91219,3ead3a29d99f60668da6daf361c91219,none,,train
histopathology/Photos/Invasive/iv063.png,Invasive/iv063.png,3,iv063_3,6be8d32528e850f894e2bc7fbb0ddd44,6be8d32528e850f894e2bc7fbb0ddd44,none,,train
histopathology/Photos/Invasive/iv064.png,Invasive/iv064.png,3,iv064_3,2504151315afeb7aea7e6bd48de78fd1,2504151315afeb7aea7e6bd48de78fd1,none,,test
histopathology/Photos/Invasive/iv065.png,Invasive/iv065.png,3,iv065_3,739c076c5a33f1f545b776519791e867,739c076c5a33f1f545b776519791e867,none,,train
histopathology/Photos/Invasive/iv066.png,Invasive/iv066.png,3,iv066_3,d1858e3e29c002ec8dd2fa42c82643c8,d1858e3e29c002ec8dd2fa42c82643c8,none,,train
histopathology/Photos/Invasive/iv067.png,Invasive/iv067.png,3,iv067_3,26d0dfb39bb3680df8ecf87aac3cca56,26d0dfb39bb3680df8ecf87aac3cca56,none,,train
histopathology/Photos/Invasive/iv068.png,Invasive/iv068.png,3,iv068_3,25885b5a24f8aef7413de96f4a4ec5f9,25885b5a24f8aef7413de96f4a4ec5f9,none,,val
histopathology/Photos/Invasive/iv069.png,Invasive/iv069.png,3,iv069_3,4a62566602dfc620612d35fb8fa6d08e,4a62566602dfc620612d35fb8fa6d08e,none,,val
histopathology/Photos/Invasive/iv070.png,Invasive/iv070.png,3,iv070_3,0f526b565d51d647f39cd910c0be8f5e,0f526b565d51d647f39cd910c0be8f5e,none,,test
histopathology/Photos/Invasive/iv071.png,Invasive/iv071.png,3,iv071_3,3f10382818bb8b526a322e8ece2b14d9,3f10382818bb8b526a322e8ece2b14d9,none,,val
histopathology/Photos/Invasive/iv072.png,Invasive/iv072.png,3,iv072_3,d9f10abf64b2bbff7dbc757ec2014441,d9f10abf64b2bbff7dbc757ec2014441,none,,train
histopathology/Photos/Invasive/iv073.png,Invasive/iv073.png,3,iv073_3,68f440a5155f63445d1bf1c176bfd768,68f440a5155f63445d1bf1c176bfd768,none,,test
histopathology/Photos/Invasive/iv074.png,Invasive/iv074.png,3,iv074_3,dbae7c7f571bac15f53f485187ca4199,dbae7c7f571bac15f53f485187ca4199,none,,train
histopathology/Photos/Invasive/iv075.png,Invasive/iv075.png,3,iv075_3,d227e328ec4e0f072f1cd07d42b4b67a,d227e328ec4e0f072f1cd07d42b4b67a,none,,train
histopathology/Photos/Invasive/iv076.png,Invasive/iv076.png,3,iv076_3,2c926029f00b14fb95d367f1ef6ce3db,2c926029f00b14fb95d367f1ef6ce3db,none,,train
histopathology/Photos/Invasive/iv077.png,Invasive/iv077.png,3,iv077_3,90d8423ba71338b16278ffbcf71d34de,90d8423ba71338b16278ffbcf71d34de,none,,train
histopathology/Photos/Invasive/iv078.png,Invasive/iv078.png,3,iv078_3,20a731a58a56374df984a9aeb5e8ffce,20a731a58a56374df984a9aeb5e8ffce,none,,test
histopathology/Photos/Invasive/iv079.png,Invasive/iv079.png,3,iv079_3,c12883d949d86cb153da54cb572598f5,c12883d949d86cb153da54cb572598f5,none,,train
histopathology/Photos/Invasive/iv080.png,Invasive/iv080.png,3,iv080_3,3930080dcb928f3e08597ec28ed2a2ee,3930080dcb928f3e08597ec28ed2a2ee,none,,train
histopathology/Photos/Invasive/iv081.png,Invasive/iv081.png,3,iv081_3,658794fa4435f3189739dc903249cb2b,658794fa4435f3189739dc903249cb2b,none,,test
histopathology/Photos/Invasive/iv082.png,Invasive/iv082.png,3,iv082_3,4606f1cce90866e5a477ab2d7363db78,4606f1cce90866e5a477ab2d7363db78,none,,test
histopathology/Photos/Invasive/iv083.png,Invasive/iv083.png,3,iv083_3,ccad68bc700a3d480957ca67507be27a,ccad68bc700a3d480957ca67507be27a,none,,val
histopathology/Photos/Invasive/iv084.png,Invasive/iv084.png,3,iv084_3,4a0505f86e344e576aa6bca8cb52d155,4a0505f86e344e576aa6bca8cb52d155,none,,train
histopathology/Photos/Invasive/iv085.png,Invasive/iv085.png,3,iv085_3,5dec73b63f688d2193b8c83750d9fb6e,5dec73b63f688d2193b8c83750d9fb6e,none,,train
histopathology/Photos/Invasive/iv086.png,Invasive/iv086.png,3,iv086_3,cf279dbac7d07a01021b48756f29a753,cf279dbac7d07a01021b48756f29a753,none,,train
histopathology/Photos/Invasive/iv087.png,Invasive/iv087.png,3,iv087_3,f5371cbcd1d8b0c62f0af79d7501a0c2,f5371cbcd1d8b0c62f0af79d7501a0c2,none,,train
histopathology/Photos/Invasive/iv088.png,Invasive/iv088.png,3,iv088_3,0e4e0b25777a081bd6e2ec5bd42b7249,0e4e0b25777a081bd6e2ec5bd42b7249,none,,val
histopathology/Photos/Invasive/iv089.png,Invasive/iv089.png,3,iv089_3,d5e951a29eeee359b9f24813278e00e3,d5e951a29eeee359b9f24813278e00e3,none,,train
histopathology/Photos/Invasive/iv090.png,Invasive/iv090.png,3,iv090_3,7a5f0d3aad29370c50e9f5ef408cbfb0,7a5f0d3aad29370c50e9f5ef408cbfb0,none,,train
histopathology/Photos/Invasive/iv091.png,Invasive/iv091.png,3,iv091_3,0ce25c03f475a940528314d3aa13d641,0ce25c03f475a940528314d3aa13d641,none,,train
histopathology/Photos/Invasive/iv092.png,Invasive/iv092.png,3,iv092_3,ec56fe47a7df42a102a7babd76484937,ec56fe47a7df42a102a7babd76484937,none,,train
histopathology/Photos/Invasive/iv093.png,Invasive/iv093.png,3,iv093_3,5237f12788d27f1dacca0498a34acea7,5237f12788d27f1dacca0498a34acea7,none,,train
histopathology/Photos/Invasive/iv094.png,Invasive/iv094.png,3,iv094_3,2dfb01bf66d29d9c47a5e36f8d2ba2f1,2dfb01bf66d29d9c47a5e36f8d2ba2f1,none,,train
histopathology/Photos/Invasive/iv095.png,Invasive/iv095.png,3,iv095_3,cc30e16331e6c477b8c71398486aee20,cc30e16331e6c477b8c71398486aee20,none,,train
histopathology/Photos/Invasive/iv096.png,Invasive/iv096.png,3,iv096_3,f7d132764008a6b7ea80004a106486f0,f7d132764008a6b7ea80004a106486f0,none,,train
histopathology/Photos/Invasive/iv097.png,Invasive/iv097.png,3,iv097_3,ab10b567a5bc9386fd8d636d8e516a9a,ab10b567a5bc9386fd8d636d8e516a9a,none,,train
histopathology/Photos/Invasive/iv098.png,Invasive/iv098.png,3,iv098_3,d5f0bd0bbe53a981da9ad8124d1aabcd,d5f0bd0bbe53a981da9ad8124d1aabcd,none,,test
histopathology/Photos/Invasive/iv099.png,Invasive/iv099.png,3,iv099_3,273e380c257c7053a457f8925c2a37d5,273e380c257c7053a457f8925c2a37d5,none,,train
histopathology/Photos/Invasive/iv100.png,Invasive/iv100.png,3,iv100_3,3b22d73dea039f7aff4cb55af928a703,3b22d73dea039f7aff4cb55af928a703,none,,train
